Proteome Id	Organism	Organism Id	Protein count	BUSCO	CPD	Taxonomic lineage
UP000005640	Homo sapiens (Human)	9606	79740	C:99.5%[S:38.5%,D:61.1%],F:0.0%,M:0.4%,n:13780	Outlier (high value)	Eukaryota, Opisthokonta, Metazoa, Eumetazoa, Bilateria, Deuterostomia, Chordata, Craniata, Vertebrata, Gnathostomata, Teleostomi, Euteleostomi, Sarcopterygii, Dipnotetrapodomorpha, Tetrapoda, Amniota, Mammalia, Theria, Eutheria, Boreoeutheria, Euarchontoglires, Primates, Haplorrhini, Simiiformes, Catarrhini, Hominoidea, Hominidae, Homininae, Homo
UP000002494	Rattus norvegicus (Rat)	10116	47954	C:97.7%[S:46.7%,D:51.0%],F:0.3%,M:2.1%,n:13798	Outlier (high value)	Eukaryota, Opisthokonta, Metazoa, Eumetazoa, Bilateria, Deuterostomia, Chordata, Craniata, Vertebrata, Gnathostomata, Teleostomi, Euteleostomi, Sarcopterygii, Dipnotetrapodomorpha, Tetrapoda, Amniota, Mammalia, Theria, Eutheria, Boreoeutheria, Euarchontoglires, Glires, Rodentia, Myomorpha, Muroidea, Muridae, Murinae, Rattus
UP000009136	Bos taurus (Bovine)	9913	37510	C:97.0%[S:54.2%,D:42.8%],F:0.9%,M:2.1%,n:13335	Outlier (high value)	Eukaryota, Opisthokonta, Metazoa, Eumetazoa, Bilateria, Deuterostomia, Chordata, Craniata, Vertebrata, Gnathostomata, Teleostomi, Euteleostomi, Sarcopterygii, Dipnotetrapodomorpha, Tetrapoda, Amniota, Mammalia, Theria, Eutheria, Boreoeutheria, Laurasiatheria, Artiodactyla, Ruminantia, Pecora, Bovidae, Bovinae, Bos
UP000001940	Caenorhabditis elegans	6239	26584	C:100.0%[S:74.7%,D:25.3%],F:0.0%,M:0.0%,n:3131	Close to standard (high value)	Eukaryota, Opisthokonta, Metazoa, Eumetazoa, Bilateria, Protostomia, Ecdysozoa, Nematoda, Chromadorea, Rhabditida, Rhabditina, Rhabditomorpha, Rhabditoidea, Rhabditidae, Peloderinae, Caenorhabditis
UP000000539	Gallus gallus (Chicken)	9031	27530	C:95.1%[S:58.9%,D:36.2%],F:2.0%,M:2.9%,n:8338	Outlier (high value)	Eukaryota, Opisthokonta, Metazoa, Eumetazoa, Bilateria, Deuterostomia, Chordata, Craniata, Vertebrata, Gnathostomata, Teleostomi, Euteleostomi, Sarcopterygii, Dipnotetrapodomorpha, Tetrapoda, Amniota, Sauropsida, Sauria, Archelosauria, Archosauria, Dinosauria, Saurischia, Theropoda, Coelurosauria, Aves, Neognathae, Galloanserae, Galliformes, Phasianidae, Phasianinae, Gallus
UP000001038	Oryzias latipes (Japanese rice fish) (Japanese killifish)	8090	36128	C:95.9%[S:61.0%,D:34.9%],F:1.0%,M:3.1%,n:3640	Outlier (high value)	Eukaryota, Opisthokonta, Metazoa, Eumetazoa, Bilateria, Deuterostomia, Chordata, Craniata, Vertebrata, Gnathostomata, Teleostomi, Euteleostomi, Actinopterygii, Actinopteri, Neopterygii, Teleostei, Osteoglossocephalai, Clupeocephala, Euteleosteomorpha, Neoteleostei, Eurypterygia, Ctenosquamata, Acanthomorphata, Euacanthomorphacea, Percomorphaceae, Ovalentaria, Atherinomorphae, Beloniformes, Adrianichthyoidei, Adrianichthyidae, Oryziinae, Oryzias
UP000001070	Drosophila grimshawi (Hawaiian fruit fly) (Idiomyia grimshawi)	7222	14754	C:98.2%[S:96.0%,D:2.2%],F:0.5%,M:1.3%,n:3285	Standard	Eukaryota, Opisthokonta, Metazoa, Eumetazoa, Bilateria, Protostomia, Ecdysozoa, Panarthropoda, Arthropoda, Mandibulata, Pancrustacea, Hexapoda, Insecta, Dicondylia, Pterygota, Neoptera, Endopterygota, Diptera, Brachycera, Muscomorpha, Eremoneura, Cyclorrhapha, Schizophora, Acalyptratae, Ephydroidea, Drosophilidae, Drosophilinae, Drosophilini, Drosophila, Hawaiian Drosophila, picture wing clade, grimshawi clade, grimshawi group, grimshawi subgroup
UP000001519	Gorilla gorilla gorilla (Western lowland gorilla)	9595	44723	C:95.9%[S:54.2%,D:41.7%],F:1.3%,M:2.8%,n:13780	Outlier (high value)	Eukaryota, Opisthokonta, Metazoa, Eumetazoa, Bilateria, Deuterostomia, Chordata, Craniata, Vertebrata, Gnathostomata, Teleostomi, Euteleostomi, Sarcopterygii, Dipnotetrapodomorpha, Tetrapoda, Amniota, Mammalia, Theria, Eutheria, Boreoeutheria, Euarchontoglires, Primates, Haplorrhini, Simiiformes, Catarrhini, Hominoidea, Hominidae, Homininae, Gorilla, Gorilla gorilla
UP000001595	Pongo abelii (Sumatran orangutan) (Pongo pygmaeus abelii)	9601	39491	C:97.1%[S:61.3%,D:35.8%],F:0.5%,M:2.4%,n:13780	Outlier (high value)	Eukaryota, Opisthokonta, Metazoa, Eumetazoa, Bilateria, Deuterostomia, Chordata, Craniata, Vertebrata, Gnathostomata, Teleostomi, Euteleostomi, Sarcopterygii, Dipnotetrapodomorpha, Tetrapoda, Amniota, Mammalia, Theria, Eutheria, Boreoeutheria, Euarchontoglires, Primates, Haplorrhini, Simiiformes, Catarrhini, Hominoidea, Hominidae, Ponginae, Pongo
UP000001819	Drosophila pseudoobscura pseudoobscura (Fruit fly)	46245	22219	C:99.8%[S:64.9%,D:34.9%],F:0.1%,M:0.1%,n:3285	Outlier (high value)	Eukaryota, Opisthokonta, Metazoa, Eumetazoa, Bilateria, Protostomia, Ecdysozoa, Panarthropoda, Arthropoda, Mandibulata, Pancrustacea, Hexapoda, Insecta, Dicondylia, Pterygota, Neoptera, Endopterygota, Diptera, Brachycera, Muscomorpha, Eremoneura, Cyclorrhapha, Schizophora, Acalyptratae, Ephydroidea, Drosophilidae, Drosophilinae, Drosophilini, Drosophila, Sophophora, obscura group, pseudoobscura subgroup, Drosophila pseudoobscura
UP000002254	Canis lupus familiaris (Dog) (Canis familiaris)	9615	43621	C:96.3%[S:47.3%,D:49.0%],F:0.5%,M:3.2%,n:14502	Outlier (high value)	Eukaryota, Opisthokonta, Metazoa, Eumetazoa, Bilateria, Deuterostomia, Chordata, Craniata, Vertebrata, Gnathostomata, Teleostomi, Euteleostomi, Sarcopterygii, Dipnotetrapodomorpha, Tetrapoda, Amniota, Mammalia, Theria, Eutheria, Boreoeutheria, Laurasiatheria, Carnivora, Caniformia, Canidae, Canis, Canis lupus
UP000002277	Pan troglodytes (Chimpanzee)	9598	48769	C:97.8%[S:50.3%,D:47.5%],F:0.5%,M:1.7%,n:13780	Outlier (high value)	Eukaryota, Opisthokonta, Metazoa, Eumetazoa, Bilateria, Deuterostomia, Chordata, Craniata, Vertebrata, Gnathostomata, Teleostomi, Euteleostomi, Sarcopterygii, Dipnotetrapodomorpha, Tetrapoda, Amniota, Mammalia, Theria, Eutheria, Boreoeutheria, Euarchontoglires, Primates, Haplorrhini, Simiiformes, Catarrhini, Hominoidea, Hominidae, Homininae, Pan
UP000002281	Equus caballus (Horse)	9796	44484	C:98.2%[S:50.2%,D:48.0%],F:0.4%,M:1.4%,n:12234	Outlier (high value)	Eukaryota, Opisthokonta, Metazoa, Eumetazoa, Bilateria, Deuterostomia, Chordata, Craniata, Vertebrata, Gnathostomata, Teleostomi, Euteleostomi, Sarcopterygii, Dipnotetrapodomorpha, Tetrapoda, Amniota, Mammalia, Theria, Eutheria, Boreoeutheria, Laurasiatheria, Perissodactyla, Equidae, Equus
UP000002358	Nasonia vitripennis (Parasitic wasp)	7425	24858	C:96.2%[S:43.6%,D:52.6%],F:0.5%,M:3.3%,n:5991	Outlier (high value)	Eukaryota, Opisthokonta, Metazoa, Eumetazoa, Bilateria, Protostomia, Ecdysozoa, Panarthropoda, Arthropoda, Mandibulata, Pancrustacea, Hexapoda, Insecta, Dicondylia, Pterygota, Neoptera, Endopterygota, Hymenoptera, Apocrita, Parasitoida, Chalcidoidea, Pteromalidae, Pteromalinae, Nasonia
UP000005203	Apis mellifera (Honeybee)	7460	19070	C:98.9%[S:51.5%,D:47.3%],F:0.3%,M:0.8%,n:5991	Outlier (high value)	Eukaryota, Opisthokonta, Metazoa, Eumetazoa, Bilateria, Protostomia, Ecdysozoa, Panarthropoda, Arthropoda, Mandibulata, Pancrustacea, Hexapoda, Insecta, Dicondylia, Pterygota, Neoptera, Endopterygota, Hymenoptera, Apocrita, Aculeata, Apoidea, Apidae, Apinae, Apini, Apis
UP000005205	Atta cephalotes (Leafcutter ant)	12957	10634	C:95.3%[S:93.9%,D:1.5%],F:2.5%,M:2.2%,n:5991	Standard	Eukaryota, Opisthokonta, Metazoa, Eumetazoa, Bilateria, Protostomia, Ecdysozoa, Panarthropoda, Arthropoda, Mandibulata, Pancrustacea, Hexapoda, Insecta, Dicondylia, Pterygota, Neoptera, Endopterygota, Hymenoptera, Apocrita, Aculeata, Formicoidea, Formicidae, Myrmicinae, Attini, Atta
UP000005207	Oreochromis niloticus (Nile tilapia) (Tilapia nilotica)	8128	74622	C:97.3%[S:46.0%,D:51.3%],F:1.0%,M:1.7%,n:3640	Outlier (high value)	Eukaryota, Opisthokonta, Metazoa, Eumetazoa, Bilateria, Deuterostomia, Chordata, Craniata, Vertebrata, Gnathostomata, Teleostomi, Euteleostomi, Actinopterygii, Actinopteri, Neopterygii, Teleostei, Osteoglossocephalai, Clupeocephala, Euteleosteomorpha, Neoteleostei, Eurypterygia, Ctenosquamata, Acanthomorphata, Euacanthomorphacea, Percomorphaceae, Ovalentaria, Cichlomorphae, Cichliformes, Cichlidae, African cichlids, Pseudocrenilabrinae, Oreochromini, Oreochromis
UP000006718	Macaca mulatta (Rhesus macaque)	9544	44389	C:97.2%[S:43.3%,D:53.9%],F:0.4%,M:2.4%,n:13780	Outlier (high value)	Eukaryota, Opisthokonta, Metazoa, Eumetazoa, Bilateria, Deuterostomia, Chordata, Craniata, Vertebrata, Gnathostomata, Teleostomi, Euteleostomi, Sarcopterygii, Dipnotetrapodomorpha, Tetrapoda, Amniota, Mammalia, Theria, Eutheria, Boreoeutheria, Euarchontoglires, Primates, Haplorrhini, Simiiformes, Catarrhini, Cercopithecoidea, Cercopithecidae, Cercopithecinae, Macaca
UP000007110	Strongylocentrotus purpuratus (Purple sea urchin)	7668	34417	C:99.4%[S:61.7%,D:37.6%],F:0.3%,M:0.3%,n:954	Unknown	Eukaryota, Opisthokonta, Metazoa, Eumetazoa, Bilateria, Deuterostomia, Echinodermata, Eleutherozoa, Echinozoa, Echinoidea, Euechinoidea, Echinacea, Camarodonta, Echinidea, Strongylocentrotidae, Strongylocentrotus
UP000007754	Taeniopygia guttata (Zebra finch) (Poephila guttata)	59729	31341	C:95.0%[S:49.3%,D:45.7%],F:1.0%,M:4.0%,n:10844	Outlier (high value)	Eukaryota, Opisthokonta, Metazoa, Eumetazoa, Bilateria, Deuterostomia, Chordata, Craniata, Vertebrata, Gnathostomata, Teleostomi, Euteleostomi, Sarcopterygii, Dipnotetrapodomorpha, Tetrapoda, Amniota, Sauropsida, Sauria, Archelosauria, Archosauria, Dinosauria, Saurischia, Theropoda, Coelurosauria, Aves, Neognathae, Passeriformes, Passeroidea, Estrildidae, Estrildinae, Taeniopygia
UP000007798	Drosophila willistoni (Fruit fly)	7260	14819	C:99.0%[S:90.7%,D:8.3%],F:0.3%,M:0.7%,n:3285	Standard	Eukaryota, Opisthokonta, Metazoa, Eumetazoa, Bilateria, Protostomia, Ecdysozoa, Panarthropoda, Arthropoda, Mandibulata, Pancrustacea, Hexapoda, Insecta, Dicondylia, Pterygota, Neoptera, Endopterygota, Diptera, Brachycera, Muscomorpha, Eremoneura, Cyclorrhapha, Schizophora, Acalyptratae, Ephydroidea, Drosophilidae, Drosophilinae, Drosophilini, Drosophila, Sophophora, willistoni group, willistoni subgroup
UP000007801	Drosophila ananassae (Fruit fly)	7217	19363	C:99.5%[S:74.8%,D:24.7%],F:0.1%,M:0.4%,n:3285	Outlier (high value)	Eukaryota, Opisthokonta, Metazoa, Eumetazoa, Bilateria, Protostomia, Ecdysozoa, Panarthropoda, Arthropoda, Mandibulata, Pancrustacea, Hexapoda, Insecta, Dicondylia, Pterygota, Neoptera, Endopterygota, Diptera, Brachycera, Muscomorpha, Eremoneura, Cyclorrhapha, Schizophora, Acalyptratae, Ephydroidea, Drosophilidae, Drosophilinae, Drosophilini, Drosophila, Sophophora, melanogaster group, ananassae subgroup, ananassae species complex
UP000007819	Acyrthosiphon pisum (Pea aphid)	7029	35819	C:99.4%[S:96.7%,D:2.7%],F:0.4%,M:0.2%,n:2510	Outlier (high value)	Eukaryota, Opisthokonta, Metazoa, Eumetazoa, Bilateria, Protostomia, Ecdysozoa, Panarthropoda, Arthropoda, Mandibulata, Pancrustacea, Hexapoda, Insecta, Dicondylia, Pterygota, Neoptera, Paraneoptera, Hemiptera, Sternorrhyncha, Aphidomorpha, Aphidoidea, Aphididae, Aphidinae, Macrosiphini, Acyrthosiphon
UP000008143	Xenopus tropicalis (Western clawed frog) (Silurana tropicalis)	8364	37716	C:96.9%[S:47.7%,D:49.2%],F:0.5%,M:2.6%,n:5310	Unknown	Eukaryota, Opisthokonta, Metazoa, Eumetazoa, Bilateria, Deuterostomia, Chordata, Craniata, Vertebrata, Gnathostomata, Teleostomi, Euteleostomi, Sarcopterygii, Dipnotetrapodomorpha, Tetrapoda, Amphibia, Batrachia, Anura, Pipoidea, Pipidae, Xenopodinae, Xenopus, Silurana
UP000008225	Callithrix jacchus (White-tufted-ear marmoset)	9483	48329	C:96.0%[S:46.4%,D:49.5%],F:0.5%,M:3.6%,n:13780	Outlier (high value)	Eukaryota, Opisthokonta, Metazoa, Eumetazoa, Bilateria, Deuterostomia, Chordata, Craniata, Vertebrata, Gnathostomata, Teleostomi, Euteleostomi, Sarcopterygii, Dipnotetrapodomorpha, Tetrapoda, Amniota, Mammalia, Theria, Eutheria, Boreoeutheria, Euarchontoglires, Primates, Haplorrhini, Simiiformes, Platyrrhini, Cebidae, Callitrichinae, Callithrix, Callithrix
UP000008227	Sus scrofa (Pig)	9823	49790	C:95.6%[S:38.3%,D:57.4%],F:0.7%,M:3.7%,n:13335	Outlier (high value)	Eukaryota, Opisthokonta, Metazoa, Eumetazoa, Bilateria, Deuterostomia, Chordata, Craniata, Vertebrata, Gnathostomata, Teleostomi, Euteleostomi, Sarcopterygii, Dipnotetrapodomorpha, Tetrapoda, Amniota, Mammalia, Theria, Eutheria, Boreoeutheria, Laurasiatheria, Artiodactyla, Suina, Suidae, Sus
UP000008281	Caenorhabditis remanei (Caenorhabditis vulgaris)	31234	31252	C:98.8%[S:96.0%,D:2.8%],F:0.9%,M:0.4%,n:3131	Outlier (high value)	Eukaryota, Opisthokonta, Metazoa, Eumetazoa, Bilateria, Protostomia, Ecdysozoa, Nematoda, Chromadorea, Rhabditida, Rhabditina, Rhabditomorpha, Rhabditoidea, Rhabditidae, Peloderinae, Caenorhabditis
UP000008792	Drosophila virilis (Fruit fly)	7244	18316	C:99.2%[S:72.7%,D:26.5%],F:0.2%,M:0.5%,n:3285	Outlier (high value)	Eukaryota, Opisthokonta, Metazoa, Eumetazoa, Bilateria, Protostomia, Ecdysozoa, Panarthropoda, Arthropoda, Mandibulata, Pancrustacea, Hexapoda, Insecta, Dicondylia, Pterygota, Neoptera, Endopterygota, Diptera, Brachycera, Muscomorpha, Eremoneura, Cyclorrhapha, Schizophora, Acalyptratae, Ephydroidea, Drosophilidae, Drosophilinae, Drosophilini, Drosophila, Drosophila, virilis group
UP000008912	Ailuropoda melanoleuca (Giant panda)	9646	38536	C:95.0%[S:54.1%,D:40.9%],F:1.0%,M:4.0%,n:14502	Outlier (high value)	Eukaryota, Opisthokonta, Metazoa, Eumetazoa, Bilateria, Deuterostomia, Chordata, Craniata, Vertebrata, Gnathostomata, Teleostomi, Euteleostomi, Sarcopterygii, Dipnotetrapodomorpha, Tetrapoda, Amniota, Mammalia, Theria, Eutheria, Boreoeutheria, Laurasiatheria, Carnivora, Caniformia, Ursidae, Ailuropoda
UP000009046	Pediculus humanus subsp. corporis (Body louse)	121224	10776	C:95.8%[S:95.5%,D:0.4%],F:2.0%,M:2.1%,n:1367	Standard	Eukaryota, Opisthokonta, Metazoa, Eumetazoa, Bilateria, Protostomia, Ecdysozoa, Panarthropoda, Arthropoda, Mandibulata, Pancrustacea, Hexapoda, Insecta, Dicondylia, Pterygota, Neoptera, Paraneoptera, Psocodea, Phthiraptera, Anoplura, Pediculidae, Pediculus, Pediculus humanus
UP000009192	Drosophila mojavensis (Fruit fly)	7230	18165	C:99.3%[S:73.3%,D:26.1%],F:0.2%,M:0.4%,n:3285	Outlier (high value)	Eukaryota, Opisthokonta, Metazoa, Eumetazoa, Bilateria, Protostomia, Ecdysozoa, Panarthropoda, Arthropoda, Mandibulata, Pancrustacea, Hexapoda, Insecta, Dicondylia, Pterygota, Neoptera, Endopterygota, Diptera, Brachycera, Muscomorpha, Eremoneura, Cyclorrhapha, Schizophora, Acalyptratae, Ephydroidea, Drosophilidae, Drosophilinae, Drosophilini, Drosophila, Drosophila, repleta group, mulleri subgroup, mojavensis species complex
UP000011712	Felis catus (Cat) (Felis silvestris catus)	9685	40213	C:96.8%[S:53.3%,D:43.5%],F:0.5%,M:2.6%,n:14502	Outlier (high value)	Eukaryota, Opisthokonta, Metazoa, Eumetazoa, Bilateria, Deuterostomia, Chordata, Craniata, Vertebrata, Gnathostomata, Teleostomi, Euteleostomi, Sarcopterygii, Dipnotetrapodomorpha, Tetrapoda, Amniota, Mammalia, Theria, Eutheria, Boreoeutheria, Laurasiatheria, Carnivora, Feliformia, Felidae, Felinae, Felis
UP000018467	Astyanax mexicanus (Blind cave fish) (Astyanax fasciatus mexicanus)	7994	39383	C:95.7%[S:62.8%,D:32.9%],F:1.8%,M:2.6%,n:3640	Standard	Eukaryota, Opisthokonta, Metazoa, Eumetazoa, Bilateria, Deuterostomia, Chordata, Craniata, Vertebrata, Gnathostomata, Teleostomi, Euteleostomi, Actinopterygii, Actinopteri, Neopterygii, Teleostei, Osteoglossocephalai, Clupeocephala, Otomorpha, Ostariophysi, Otophysi, Characiphysae, Characiformes, Characoidei, Characidae, Stethaprioninae, Astyanax
UP000024404	Onchocerca volvulus	6282	12227	C:98.2%[S:82.8%,D:15.4%],F:0.5%,M:1.3%,n:3131	Standard	Eukaryota, Opisthokonta, Metazoa, Eumetazoa, Bilateria, Protostomia, Ecdysozoa, Nematoda, Chromadorea, Rhabditida, Spirurina, Spiruromorpha, Filarioidea, Onchocercidae, Onchocerca
UP000028761	Papio anubis (Olive baboon)	9555	43401	C:96.4%[S:53.3%,D:43.1%],F:0.5%,M:3.1%,n:13780	Outlier (high value)	Eukaryota, Opisthokonta, Metazoa, Eumetazoa, Bilateria, Deuterostomia, Chordata, Craniata, Vertebrata, Gnathostomata, Teleostomi, Euteleostomi, Sarcopterygii, Dipnotetrapodomorpha, Tetrapoda, Amniota, Mammalia, Theria, Eutheria, Boreoeutheria, Euarchontoglires, Primates, Haplorrhini, Simiiformes, Catarrhini, Cercopithecoidea, Cercopithecidae, Cercopithecinae, Papio
UP000076408	Anopheles stephensi (Indo-Pakistan malaria mosquito)	30069	11765	C:96.1%[S:95.7%,D:0.4%],F:1.1%,M:2.8%,n:3285	Standard	Eukaryota, Opisthokonta, Metazoa, Eumetazoa, Bilateria, Protostomia, Ecdysozoa, Panarthropoda, Arthropoda, Mandibulata, Pancrustacea, Hexapoda, Insecta, Dicondylia, Pterygota, Neoptera, Endopterygota, Diptera, Nematocera, Culicomorpha, Culicoidea, Culicidae, Anophelinae, Anopheles, Cellia, Neocellia
UP000085678	Lingula unguis	7574	34415	C:98.6%[S:55.0%,D:43.6%],F:0.6%,M:0.7%,n:954	Unknown	Eukaryota, Opisthokonta, Metazoa, Eumetazoa, Bilateria, Protostomia, Spiralia, Lophotrochozoa, Brachiopoda, Linguliformea, Lingulata, Lingulida, Linguloidea, Lingulidae, Lingula
UP000087266	Salmo salar (Atlantic salmon)	8030	82400	C:97.9%[S:34.5%,D:63.4%],F:1.5%,M:0.6%,n:3640	Outlier (high value)	Eukaryota, Opisthokonta, Metazoa, Eumetazoa, Bilateria, Deuterostomia, Chordata, Craniata, Vertebrata, Gnathostomata, Teleostomi, Euteleostomi, Actinopterygii, Actinopteri, Neopterygii, Teleostei, Osteoglossocephalai, Clupeocephala, Euteleosteomorpha, Protacanthopterygii, Salmoniformes, Salmonidae, Salmoninae, Salmo
UP000186698	Xenopus laevis (African clawed frog)	8355	50147	C:97.7%[S:23.3%,D:74.4%],F:0.5%,M:1.8%,n:5310	Unknown	Eukaryota, Opisthokonta, Metazoa, Eumetazoa, Bilateria, Deuterostomia, Chordata, Craniata, Vertebrata, Gnathostomata, Teleostomi, Euteleostomi, Sarcopterygii, Dipnotetrapodomorpha, Tetrapoda, Amphibia, Batrachia, Anura, Pipoidea, Pipidae, Xenopodinae, Xenopus, Xenopus
UP000189705	Alligator sinensis (Chinese alligator)	38654	34875	C:97.8%[S:53.6%,D:44.2%],F:1.2%,M:1.0%,n:7480	Unknown	Eukaryota, Opisthokonta, Metazoa, Eumetazoa, Bilateria, Deuterostomia, Chordata, Craniata, Vertebrata, Gnathostomata, Teleostomi, Euteleostomi, Sarcopterygii, Dipnotetrapodomorpha, Tetrapoda, Amniota, Sauropsida, Sauria, Archelosauria, Archosauria, Crocodylia, Alligatoridae, Alligatorinae, Alligator
UP000192220	Austrofundulus limnaeus	52670	32448	C:95.5%[S:68.5%,D:27.0%],F:1.1%,M:3.4%,n:15213	Standard	Eukaryota, Opisthokonta, Metazoa, Eumetazoa, Bilateria, Deuterostomia, Chordata, Craniata, Vertebrata, Gnathostomata, Teleostomi, Euteleostomi, Actinopterygii, Actinopteri, Neopterygii, Teleostei, Osteoglossocephalai, Clupeocephala, Euteleosteomorpha, Neoteleostei, Eurypterygia, Ctenosquamata, Acanthomorphata, Euacanthomorphacea, Percomorphaceae, Ovalentaria, Atherinomorphae, Cyprinodontiformes, Aplocheiloidei, Rivulidae, Austrofundulus
UP000192223	Agrilus planipennis (Emerald ash borer) (Agrilus marcopoli)	224129	18772	C:96.5%[S:61.5%,D:35.0%],F:1.5%,M:2.0%,n:2124	Outlier (high value)	Eukaryota, Opisthokonta, Metazoa, Eumetazoa, Bilateria, Protostomia, Ecdysozoa, Panarthropoda, Arthropoda, Mandibulata, Pancrustacea, Hexapoda, Insecta, Dicondylia, Pterygota, Neoptera, Endopterygota, Coleoptera, Polyphaga, Elateriformia, Buprestoidea, Buprestidae, Agrilinae, Agrilus
UP000233060	Cercocebus atys (Sooty mangabey) (Cercocebus torquatus atys)	9531	45022	C:96.3%[S:50.2%,D:46.1%],F:0.4%,M:3.2%,n:13780	Outlier (high value)	Eukaryota, Opisthokonta, Metazoa, Eumetazoa, Bilateria, Deuterostomia, Chordata, Craniata, Vertebrata, Gnathostomata, Teleostomi, Euteleostomi, Sarcopterygii, Dipnotetrapodomorpha, Tetrapoda, Amniota, Mammalia, Theria, Eutheria, Boreoeutheria, Euarchontoglires, Primates, Haplorrhini, Simiiformes, Catarrhini, Cercopithecoidea, Cercopithecidae, Cercopithecinae, Cercocebus
UP000233120	Macaca nemestrina (Pig-tailed macaque)	9545	45001	C:96.5%[S:49.2%,D:47.3%],F:0.4%,M:3.1%,n:13780	Outlier (high value)	Eukaryota, Opisthokonta, Metazoa, Eumetazoa, Bilateria, Deuterostomia, Chordata, Craniata, Vertebrata, Gnathostomata, Teleostomi, Euteleostomi, Sarcopterygii, Dipnotetrapodomorpha, Tetrapoda, Amniota, Mammalia, Theria, Eutheria, Boreoeutheria, Euarchontoglires, Primates, Haplorrhini, Simiiformes, Catarrhini, Cercopithecoidea, Cercopithecidae, Cercopithecinae, Macaca
UP000240080	Pan paniscus (Pygmy chimpanzee) (Bonobo)	9597	42996	C:95.2%[S:55.3%,D:39.9%],F:1.2%,M:3.6%,n:13780	Outlier (high value)	Eukaryota, Opisthokonta, Metazoa, Eumetazoa, Bilateria, Deuterostomia, Chordata, Craniata, Vertebrata, Gnathostomata, Teleostomi, Euteleostomi, Sarcopterygii, Dipnotetrapodomorpha, Tetrapoda, Amniota, Mammalia, Theria, Eutheria, Boreoeutheria, Euarchontoglires, Primates, Haplorrhini, Simiiformes, Catarrhini, Hominoidea, Hominidae, Homininae, Pan
UP000245320	Tursiops truncatus (Atlantic bottle-nosed dolphin) (Delphinus truncatus)	9739	45129	C:98.7%[S:43.7%,D:55.0%],F:0.5%,M:0.8%,n:13335	Outlier (high value)	Eukaryota, Opisthokonta, Metazoa, Eumetazoa, Bilateria, Deuterostomia, Chordata, Craniata, Vertebrata, Gnathostomata, Teleostomi, Euteleostomi, Sarcopterygii, Dipnotetrapodomorpha, Tetrapoda, Amniota, Mammalia, Theria, Eutheria, Boreoeutheria, Laurasiatheria, Artiodactyla, Whippomorpha, Cetacea, Odontoceti, Delphinidae, Tursiops
UP000245340	Odobenus rosmarus divergens (Pacific walrus)	9708	29573	C:98.9%[S:67.7%,D:31.1%],F:0.6%,M:0.6%,n:14502	Standard	Eukaryota, Opisthokonta, Metazoa, Eumetazoa, Bilateria, Deuterostomia, Chordata, Craniata, Vertebrata, Gnathostomata, Teleostomi, Euteleostomi, Sarcopterygii, Dipnotetrapodomorpha, Tetrapoda, Amniota, Mammalia, Theria, Eutheria, Boreoeutheria, Laurasiatheria, Carnivora, Caniformia, Odobenidae, Odobenus, Odobenus rosmarus
UP000248480	Trichechus manatus latirostris (Florida manatee)	127582	31601	C:96.8%[S:62.4%,D:34.4%],F:1.4%,M:1.8%,n:11366	Standard	Eukaryota, Opisthokonta, Metazoa, Eumetazoa, Bilateria, Deuterostomia, Chordata, Craniata, Vertebrata, Gnathostomata, Teleostomi, Euteleostomi, Sarcopterygii, Dipnotetrapodomorpha, Tetrapoda, Amniota, Mammalia, Theria, Eutheria, Afrotheria, Sirenia, Trichechidae, Trichechus, Trichechus manatus
UP000248482	Enhydra lutris kenyoni	391180	32891	C:99.3%[S:59.1%,D:40.2%],F:0.2%,M:0.5%,n:14502	Standard	Eukaryota, Opisthokonta, Metazoa, Eumetazoa, Bilateria, Deuterostomia, Chordata, Craniata, Vertebrata, Gnathostomata, Teleostomi, Euteleostomi, Sarcopterygii, Dipnotetrapodomorpha, Tetrapoda, Amniota, Mammalia, Theria, Eutheria, Boreoeutheria, Laurasiatheria, Carnivora, Caniformia, Mustelidae, Lutrinae, Enhydra, Enhydra lutris
UP000248483	Delphinapterus leucas (Beluga whale)	9749	40785	C:99.0%[S:46.0%,D:52.9%],F:0.4%,M:0.6%,n:13335	Outlier (high value)	Eukaryota, Opisthokonta, Metazoa, Eumetazoa, Bilateria, Deuterostomia, Chordata, Craniata, Vertebrata, Gnathostomata, Teleostomi, Euteleostomi, Sarcopterygii, Dipnotetrapodomorpha, Tetrapoda, Amniota, Mammalia, Theria, Eutheria, Boreoeutheria, Laurasiatheria, Artiodactyla, Whippomorpha, Cetacea, Odontoceti, Monodontidae, Delphinapterus
UP000248484	Physeter macrocephalus (Sperm whale) (Physeter catodon)	9755	41870	C:95.3%[S:48.5%,D:46.8%],F:2.3%,M:2.4%,n:13335	Outlier (high value)	Eukaryota, Opisthokonta, Metazoa, Eumetazoa, Bilateria, Deuterostomia, Chordata, Craniata, Vertebrata, Gnathostomata, Teleostomi, Euteleostomi, Sarcopterygii, Dipnotetrapodomorpha, Tetrapoda, Amniota, Mammalia, Theria, Eutheria, Boreoeutheria, Laurasiatheria, Artiodactyla, Whippomorpha, Cetacea, Odontoceti, Physeteridae, Physeter
UP000257160	Amphiprion ocellaris (Clown anemonefish)	80972	31745	C:95.4%[S:73.6%,D:21.8%],F:2.3%,M:2.3%,n:3640	Standard	Eukaryota, Opisthokonta, Metazoa, Eumetazoa, Bilateria, Deuterostomia, Chordata, Craniata, Vertebrata, Gnathostomata, Teleostomi, Euteleostomi, Actinopterygii, Actinopteri, Neopterygii, Teleostei, Osteoglossocephalai, Clupeocephala, Euteleosteomorpha, Neoteleostei, Eurypterygia, Ctenosquamata, Acanthomorphata, Euacanthomorphacea, Percomorphaceae, Ovalentaria, Ovalentaria incertae sedis, Pomacentridae, Amphiprion
UP000261640	Mastacembelus armatus (zig-zag eel)	205130	59116	C:96.8%[S:51.2%,D:45.5%],F:1.0%,M:2.3%,n:3640	Outlier (high value)	Eukaryota, Opisthokonta, Metazoa, Eumetazoa, Bilateria, Deuterostomia, Chordata, Craniata, Vertebrata, Gnathostomata, Teleostomi, Euteleostomi, Actinopterygii, Actinopteri, Neopterygii, Teleostei, Osteoglossocephalai, Clupeocephala, Euteleosteomorpha, Neoteleostei, Eurypterygia, Ctenosquamata, Acanthomorphata, Euacanthomorphacea, Percomorphaceae, Anabantaria, Synbranchiformes, Mastacembeloidei, Mastacembelidae, Mastacembelus
UP000261681	Balaenoptera acutorostrata scammoni (North Pacific minke whale) (Balaenoptera davidsoni)	310752	32085	C:97.9%[S:60.3%,D:37.6%],F:1.1%,M:1.0%,n:13335	Standard	Eukaryota, Opisthokonta, Metazoa, Eumetazoa, Bilateria, Deuterostomia, Chordata, Craniata, Vertebrata, Gnathostomata, Teleostomi, Euteleostomi, Sarcopterygii, Dipnotetrapodomorpha, Tetrapoda, Amniota, Mammalia, Theria, Eutheria, Boreoeutheria, Laurasiatheria, Artiodactyla, Whippomorpha, Cetacea, Mysticeti, Balaenopteridae, Balaenoptera, Balaenoptera acutorostrata
UP000265040	Anabas testudineus (Climbing perch) (Anthias testudineus)	64144	61942	C:97.1%[S:51.5%,D:45.5%],F:1.0%,M:1.9%,n:3640	Outlier (high value)	Eukaryota, Opisthokonta, Metazoa, Eumetazoa, Bilateria, Deuterostomia, Chordata, Craniata, Vertebrata, Gnathostomata, Teleostomi, Euteleostomi, Actinopterygii, Actinopteri, Neopterygii, Teleostei, Osteoglossocephalai, Clupeocephala, Euteleosteomorpha, Neoteleostei, Eurypterygia, Ctenosquamata, Acanthomorphata, Euacanthomorphacea, Percomorphaceae, Anabantaria, Anabantiformes, Anabantoidei, Anabantidae, Anabas
UP000265140	Esox lucius (Northern pike)	8010	71519	C:97.6%[S:43.9%,D:53.7%],F:0.9%,M:1.5%,n:3640	Outlier (high value)	Eukaryota, Opisthokonta, Metazoa, Eumetazoa, Bilateria, Deuterostomia, Chordata, Craniata, Vertebrata, Gnathostomata, Teleostomi, Euteleostomi, Actinopterygii, Actinopteri, Neopterygii, Teleostei, Osteoglossocephalai, Clupeocephala, Euteleosteomorpha, Protacanthopterygii, Esociformes, Esocidae, Esox
UP000265160	Maylandia zebra (zebra mbuna)	106582	37295	C:97.1%[S:72.0%,D:25.1%],F:1.1%,M:1.8%,n:3640	Outlier (high value)	Eukaryota, Opisthokonta, Metazoa, Eumetazoa, Bilateria, Deuterostomia, Chordata, Craniata, Vertebrata, Gnathostomata, Teleostomi, Euteleostomi, Actinopterygii, Actinopteri, Neopterygii, Teleostei, Osteoglossocephalai, Clupeocephala, Euteleosteomorpha, Neoteleostei, Eurypterygia, Ctenosquamata, Acanthomorphata, Euacanthomorphacea, Percomorphaceae, Ovalentaria, Cichlomorphae, Cichliformes, Cichlidae, African cichlids, Pseudocrenilabrinae, Haplochromini, Maylandia, Maylandia zebra complex
UP000265300	Lipotes vexillifer (Yangtze river dolphin)	118797	26005	C:97.5%[S:74.5%,D:23.0%],F:1.0%,M:1.4%,n:13335	Standard	Eukaryota, Opisthokonta, Metazoa, Eumetazoa, Bilateria, Deuterostomia, Chordata, Craniata, Vertebrata, Gnathostomata, Teleostomi, Euteleostomi, Sarcopterygii, Dipnotetrapodomorpha, Tetrapoda, Amniota, Mammalia, Theria, Eutheria, Boreoeutheria, Laurasiatheria, Artiodactyla, Whippomorpha, Cetacea, Odontoceti, Lipotidae, Lipotes
UP000268350	Drosophila guanche (Fruit fly)	7266	17569	C:97.7%[S:75.2%,D:22.5%],F:0.2%,M:2.1%,n:3285	Outlier (high value)	Eukaryota, Opisthokonta, Metazoa, Eumetazoa, Bilateria, Protostomia, Ecdysozoa, Panarthropoda, Arthropoda, Mandibulata, Pancrustacea, Hexapoda, Insecta, Dicondylia, Pterygota, Neoptera, Endopterygota, Diptera, Brachycera, Muscomorpha, Eremoneura, Cyclorrhapha, Schizophora, Acalyptratae, Ephydroidea, Drosophilidae, Drosophilinae, Drosophilini, Drosophila, Sophophora, obscura group, obscura subgroup
UP000286640	Vulpes vulpes (Red fox)	9627	32184	C:97.0%[S:60.9%,D:36.1%],F:1.0%,M:2.0%,n:14502	Standard	Eukaryota, Opisthokonta, Metazoa, Eumetazoa, Bilateria, Deuterostomia, Chordata, Craniata, Vertebrata, Gnathostomata, Teleostomi, Euteleostomi, Sarcopterygii, Dipnotetrapodomorpha, Tetrapoda, Amniota, Mammalia, Theria, Eutheria, Boreoeutheria, Laurasiatheria, Carnivora, Caniformia, Canidae, Vulpes
UP000286641	Callorhinus ursinus (Northern fur seal)	34884	35455	C:98.4%[S:49.2%,D:49.1%],F:0.3%,M:1.3%,n:14502	Outlier (high value)	Eukaryota, Opisthokonta, Metazoa, Eumetazoa, Bilateria, Deuterostomia, Chordata, Craniata, Vertebrata, Gnathostomata, Teleostomi, Euteleostomi, Sarcopterygii, Dipnotetrapodomorpha, Tetrapoda, Amniota, Mammalia, Theria, Eutheria, Boreoeutheria, Laurasiatheria, Carnivora, Caniformia, Otariidae, Callorhinus
UP000291000	Capra hircus (Goat)	9925	32609	C:96.5%[S:57.9%,D:38.6%],F:0.8%,M:2.6%,n:13335	Outlier (high value)	Eukaryota, Opisthokonta, Metazoa, Eumetazoa, Bilateria, Deuterostomia, Chordata, Craniata, Vertebrata, Gnathostomata, Teleostomi, Euteleostomi, Sarcopterygii, Dipnotetrapodomorpha, Tetrapoda, Amniota, Mammalia, Theria, Eutheria, Boreoeutheria, Laurasiatheria, Artiodactyla, Ruminantia, Pecora, Bovidae, Caprinae, Capra
UP000291343	Laodelphax striatellus (Small brown planthopper) (Delphax striatella)	195883	17309	C:95.4%[S:91.8%,D:3.5%],F:1.2%,M:3.4%,n:2510	Standard	Eukaryota, Opisthokonta, Metazoa, Eumetazoa, Bilateria, Protostomia, Ecdysozoa, Panarthropoda, Arthropoda, Mandibulata, Pancrustacea, Hexapoda, Insecta, Dicondylia, Pterygota, Neoptera, Paraneoptera, Hemiptera, Auchenorrhyncha, Fulgoromorpha, Fulgoroidea, Delphacidae, Criomorphinae, Laodelphax
UP000314981	Bos indicus x Bos taurus (Hybrid cattle)	30522	42151	C:95.3%[S:51.2%,D:44.1%],F:0.4%,M:4.3%,n:13335	Outlier (high value)	Eukaryota, Opisthokonta, Metazoa, Eumetazoa, Bilateria, Deuterostomia, Chordata, Craniata, Vertebrata, Gnathostomata, Teleostomi, Euteleostomi, Sarcopterygii, Dipnotetrapodomorpha, Tetrapoda, Amniota, Mammalia, Theria, Eutheria, Boreoeutheria, Laurasiatheria, Artiodactyla, Ruminantia, Pecora, Bovidae, Bovinae, Bos
UP000322000	Trichoplusia ni (Cabbage looper)	7111	20889	C:98.7%[S:65.6%,D:33.1%],F:0.2%,M:1.1%,n:5286	Outlier (high value)	Eukaryota, Opisthokonta, Metazoa, Eumetazoa, Bilateria, Protostomia, Ecdysozoa, Panarthropoda, Arthropoda, Mandibulata, Pancrustacea, Hexapoda, Insecta, Dicondylia, Pterygota, Neoptera, Endopterygota, Amphiesmenoptera, Lepidoptera, Glossata, Neolepidoptera, Heteroneura, Ditrysia, Obtectomera, Noctuoidea, Noctuidae, Plusiinae, Trichoplusia
UP000325440	Cinara cedri	506608	22140	C:95.5%[S:66.4%,D:29.0%],F:0.2%,M:4.3%,n:2510	Outlier (high value)	Eukaryota, Opisthokonta, Metazoa, Eumetazoa, Bilateria, Protostomia, Ecdysozoa, Panarthropoda, Arthropoda, Mandibulata, Pancrustacea, Hexapoda, Insecta, Dicondylia, Pterygota, Neoptera, Paraneoptera, Hemiptera, Sternorrhyncha, Aphidomorpha, Aphidoidea, Aphididae, Lachninae, Cinara
UP000472240	Rhinolophus ferrumequinum (Greater horseshoe bat)	59479	33505	C:97.3%[S:63.2%,D:34.1%],F:0.7%,M:2.1%,n:12234	Standard	Eukaryota, Opisthokonta, Metazoa, Eumetazoa, Bilateria, Deuterostomia, Chordata, Craniata, Vertebrata, Gnathostomata, Teleostomi, Euteleostomi, Sarcopterygii, Dipnotetrapodomorpha, Tetrapoda, Amniota, Mammalia, Theria, Eutheria, Boreoeutheria, Laurasiatheria, Chiroptera, Microchiroptera, Rhinolophidae, Rhinolophinae, Rhinolophus
UP000472260	Sinocyclocheilus anshuiensis	1608454	100275	C:95.1%[S:19.6%,D:75.5%],F:2.0%,M:2.9%,n:3640	Outlier (high value)	Eukaryota, Opisthokonta, Metazoa, Eumetazoa, Bilateria, Deuterostomia, Chordata, Craniata, Vertebrata, Gnathostomata, Teleostomi, Euteleostomi, Actinopterygii, Actinopteri, Neopterygii, Teleostei, Osteoglossocephalai, Clupeocephala, Otomorpha, Ostariophysi, Otophysi, Cypriniphysae, Cypriniformes, Cyprinoidei, Cyprinidae, Cyprininae, Sinocyclocheilus
UP000472263	Myripristis murdjan (pinecone soldierfish)	586833	55955	C:95.4%[S:52.6%,D:42.9%],F:1.6%,M:2.9%,n:3640	Outlier (high value)	Eukaryota, Opisthokonta, Metazoa, Eumetazoa, Bilateria, Deuterostomia, Chordata, Craniata, Vertebrata, Gnathostomata, Teleostomi, Euteleostomi, Actinopterygii, Actinopteri, Neopterygii, Teleostei, Osteoglossocephalai, Clupeocephala, Euteleosteomorpha, Neoteleostei, Eurypterygia, Ctenosquamata, Acanthomorphata, Euacanthomorphacea, Holocentrimorphaceae, Holocentriformes, Holocentridae, Myripristinae, Myripristis
UP000472264	Echeneis naucrates (Live sharksucker)	173247	54685	C:96.1%[S:54.0%,D:42.1%],F:1.4%,M:2.5%,n:3640	Outlier (high value)	Eukaryota, Opisthokonta, Metazoa, Eumetazoa, Bilateria, Deuterostomia, Chordata, Craniata, Vertebrata, Gnathostomata, Teleostomi, Euteleostomi, Actinopterygii, Actinopteri, Neopterygii, Teleostei, Osteoglossocephalai, Clupeocephala, Euteleosteomorpha, Neoteleostei, Eurypterygia, Ctenosquamata, Acanthomorphata, Euacanthomorphacea, Percomorphaceae, Carangaria, Carangiformes, Echeneidae, Echeneis
UP000472265	Sparus aurata (Gilthead sea bream)	8175	69200	C:97.1%[S:47.0%,D:50.1%],F:1.2%,M:1.7%,n:3640	Outlier (high value)	Eukaryota, Opisthokonta, Metazoa, Eumetazoa, Bilateria, Deuterostomia, Chordata, Craniata, Vertebrata, Gnathostomata, Teleostomi, Euteleostomi, Actinopterygii, Actinopteri, Neopterygii, Teleostei, Osteoglossocephalai, Clupeocephala, Euteleosteomorpha, Neoteleostei, Eurypterygia, Ctenosquamata, Acanthomorphata, Euacanthomorphacea, Percomorphaceae, Eupercaria, Spariformes, Sparidae, Sparus
UP000472275	Aquila chrysaetos chrysaetos	223781	24817	C:95.7%[S:69.8%,D:25.8%],F:1.6%,M:2.8%,n:8338	Outlier (high value)	Eukaryota, Opisthokonta, Metazoa, Eumetazoa, Bilateria, Deuterostomia, Chordata, Craniata, Vertebrata, Gnathostomata, Teleostomi, Euteleostomi, Sarcopterygii, Dipnotetrapodomorpha, Tetrapoda, Amniota, Sauropsida, Sauria, Archelosauria, Archosauria, Dinosauria, Saurischia, Theropoda, Coelurosauria, Aves, Neognathae, Accipitriformes, Accipitridae, Accipitrinae, Aquila, Aquila chrysaetos
UP000472276	Oreochromis aureus (Israeli tilapia) (Chromis aureus)	47969	58969	C:96.3%[S:53.2%,D:43.1%],F:1.5%,M:2.3%,n:3640	Outlier (high value)	Eukaryota, Opisthokonta, Metazoa, Eumetazoa, Bilateria, Deuterostomia, Chordata, Craniata, Vertebrata, Gnathostomata, Teleostomi, Euteleostomi, Actinopterygii, Actinopteri, Neopterygii, Teleostei, Osteoglossocephalai, Clupeocephala, Euteleosteomorpha, Neoteleostei, Eurypterygia, Ctenosquamata, Acanthomorphata, Euacanthomorphacea, Percomorphaceae, Ovalentaria, Cichlomorphae, Cichliformes, Cichlidae, African cichlids, Pseudocrenilabrinae, Oreochromini, Oreochromis
UP000472277	Salmo trutta (Brown trout)	8032	114752	C:97.9%[S:26.3%,D:71.6%],F:0.6%,M:1.5%,n:3640	Outlier (high value)	Eukaryota, Opisthokonta, Metazoa, Eumetazoa, Bilateria, Deuterostomia, Chordata, Craniata, Vertebrata, Gnathostomata, Teleostomi, Euteleostomi, Actinopterygii, Actinopteri, Neopterygii, Teleostei, Osteoglossocephalai, Clupeocephala, Euteleosteomorpha, Protacanthopterygii, Salmoniformes, Salmonidae, Salmoninae, Salmo
UP000504605	Vicugna pacos (Alpaca) (Lama pacos)	30538	36876	C:97.2%[S:55.7%,D:41.5%],F:1.7%,M:1.1%,n:13335	Standard	Eukaryota, Opisthokonta, Metazoa, Eumetazoa, Bilateria, Deuterostomia, Chordata, Craniata, Vertebrata, Gnathostomata, Teleostomi, Euteleostomi, Sarcopterygii, Dipnotetrapodomorpha, Tetrapoda, Amniota, Mammalia, Theria, Eutheria, Boreoeutheria, Laurasiatheria, Artiodactyla, Tylopoda, Camelidae, Vicugna
UP000504606	Frankliniella occidentalis (Western flower thrips) (Euthrips occidentalis)	133901	20529	C:98.8%[S:70.5%,D:28.2%],F:0.7%,M:0.6%,n:1367	Outlier (high value)	Eukaryota, Opisthokonta, Metazoa, Eumetazoa, Bilateria, Protostomia, Ecdysozoa, Panarthropoda, Arthropoda, Mandibulata, Pancrustacea, Hexapoda, Insecta, Dicondylia, Pterygota, Neoptera, Paraneoptera, Thysanoptera, Terebrantia, Thripoidea, Thripidae, Thripinae, Frankliniella
UP000504613	Odocoileus virginianus texanus	9880	37241	C:96.2%[S:51.1%,D:45.1%],F:2.4%,M:1.4%,n:13335	Outlier (high value)	Eukaryota, Opisthokonta, Metazoa, Eumetazoa, Bilateria, Deuterostomia, Chordata, Craniata, Vertebrata, Gnathostomata, Teleostomi, Euteleostomi, Sarcopterygii, Dipnotetrapodomorpha, Tetrapoda, Amniota, Mammalia, Theria, Eutheria, Boreoeutheria, Laurasiatheria, Artiodactyla, Ruminantia, Pecora, Cervidae, Odocoileinae, Odocoileus, Odocoileus virginianus
UP000504615	Pogonomyrmex barbatus (red harvester ant)	144034	16156	C:96.4%[S:62.9%,D:33.5%],F:2.5%,M:1.1%,n:5991	Standard	Eukaryota, Opisthokonta, Metazoa, Eumetazoa, Bilateria, Protostomia, Ecdysozoa, Panarthropoda, Arthropoda, Mandibulata, Pancrustacea, Hexapoda, Insecta, Dicondylia, Pterygota, Neoptera, Endopterygota, Hymenoptera, Apocrita, Aculeata, Formicoidea, Formicidae, Myrmicinae, Pogonomyrmecini, Pogonomyrmex
UP000504616	Bactrocera dorsalis (Oriental fruit fly) (Dacus dorsalis)	27457	15981	C:98.8%[S:70.0%,D:28.8%],F:0.5%,M:0.8%,n:3285	Standard	Eukaryota, Opisthokonta, Metazoa, Eumetazoa, Bilateria, Protostomia, Ecdysozoa, Panarthropoda, Arthropoda, Mandibulata, Pancrustacea, Hexapoda, Insecta, Dicondylia, Pterygota, Neoptera, Endopterygota, Diptera, Brachycera, Muscomorpha, Eremoneura, Cyclorrhapha, Schizophora, Acalyptratae, Tephritoidea, Tephritidae, Dacinae, Dacini, Bactrocera, Bactrocera, Bactrocera dorsalis complex
UP000504619	Pogona vitticeps (central bearded dragon)	103695	31185	C:97.4%[S:52.9%,D:44.5%],F:0.9%,M:1.7%,n:7480	Unknown	Eukaryota, Opisthokonta, Metazoa, Eumetazoa, Bilateria, Deuterostomia, Chordata, Craniata, Vertebrata, Gnathostomata, Teleostomi, Euteleostomi, Sarcopterygii, Dipnotetrapodomorpha, Tetrapoda, Amniota, Sauropsida, Sauria, Lepidosauria, Squamata, Bifurcata, Unidentata, Episquamata, Toxicofera, Iguania, Acrodonta, Agamidae, Amphibolurinae, Pogona
UP000504620	Bicyclus anynana (Squinting bush brown butterfly)	110368	19396	C:99.0%[S:72.5%,D:26.6%],F:0.3%,M:0.7%,n:5286	Outlier (high value)	Eukaryota, Opisthokonta, Metazoa, Eumetazoa, Bilateria, Protostomia, Ecdysozoa, Panarthropoda, Arthropoda, Mandibulata, Pancrustacea, Hexapoda, Insecta, Dicondylia, Pterygota, Neoptera, Endopterygota, Amphiesmenoptera, Lepidoptera, Glossata, Neolepidoptera, Heteroneura, Ditrysia, Obtectomera, Papilionoidea, Nymphalidae, Satyrinae, Satyrini, Mycalesina, Bicyclus
UP000504622	Neodiprion lecontei (Redheaded pine sawfly)	441921	14458	C:98.4%[S:73.5%,D:24.9%],F:0.5%,M:1.1%,n:5991	Standard	Eukaryota, Opisthokonta, Metazoa, Eumetazoa, Bilateria, Protostomia, Ecdysozoa, Panarthropoda, Arthropoda, Mandibulata, Pancrustacea, Hexapoda, Insecta, Dicondylia, Pterygota, Neoptera, Endopterygota, Hymenoptera, Tenthredinoidea, Diprionidae, Diprioninae, Neodiprion
UP000504623	Chrysochloris asiatica (Cape golden mole)	185453	24930	C:97.5%[S:82.2%,D:15.4%],F:0.9%,M:1.5%,n:11366	Standard	Eukaryota, Opisthokonta, Metazoa, Eumetazoa, Bilateria, Deuterostomia, Chordata, Craniata, Vertebrata, Gnathostomata, Teleostomi, Euteleostomi, Sarcopterygii, Dipnotetrapodomorpha, Tetrapoda, Amniota, Mammalia, Theria, Eutheria, Afrotheria, Chrysochloridae, Chrysochlorinae, Chrysochloris
UP000504626	Acinonyx jubatus (Cheetah)	32536	45312	C:99.4%[S:43.4%,D:55.9%],F:0.2%,M:0.5%,n:14502	Outlier (high value)	Eukaryota, Opisthokonta, Metazoa, Eumetazoa, Bilateria, Deuterostomia, Chordata, Craniata, Vertebrata, Gnathostomata, Teleostomi, Euteleostomi, Sarcopterygii, Dipnotetrapodomorpha, Tetrapoda, Amniota, Mammalia, Theria, Eutheria, Boreoeutheria, Laurasiatheria, Carnivora, Feliformia, Felidae, Acinonychinae, Acinonyx
UP000504627	Pipra filicauda (Wire-tailed manakin)	649802	29436	C:97.9%[S:51.1%,D:46.9%],F:0.5%,M:1.6%,n:10844	Outlier (high value)	Eukaryota, Opisthokonta, Metazoa, Eumetazoa, Bilateria, Deuterostomia, Chordata, Craniata, Vertebrata, Gnathostomata, Teleostomi, Euteleostomi, Sarcopterygii, Dipnotetrapodomorpha, Tetrapoda, Amniota, Sauropsida, Sauria, Archelosauria, Archosauria, Dinosauria, Saurischia, Theropoda, Coelurosauria, Aves, Neognathae, Passeriformes, Pipridae, Pipra
UP000504628	Phyllostomus discolor (pale spear-nosed bat)	89673	38810	C:98.5%[S:49.2%,D:49.3%],F:0.3%,M:1.2%,n:12234	Outlier (high value)	Eukaryota, Opisthokonta, Metazoa, Eumetazoa, Bilateria, Deuterostomia, Chordata, Craniata, Vertebrata, Gnathostomata, Teleostomi, Euteleostomi, Sarcopterygii, Dipnotetrapodomorpha, Tetrapoda, Amniota, Mammalia, Theria, Eutheria, Boreoeutheria, Laurasiatheria, Chiroptera, Microchiroptera, Phyllostomidae, Phyllostominae, Phyllostomus
UP000504630	Cottoperca gobio (Frogmouth) (Aphritis gobio)	56716	32862	C:95.6%[S:66.2%,D:29.4%],F:0.7%,M:3.8%,n:3640	Outlier (high value)	Eukaryota, Opisthokonta, Metazoa, Eumetazoa, Bilateria, Deuterostomia, Chordata, Craniata, Vertebrata, Gnathostomata, Teleostomi, Euteleostomi, Actinopterygii, Actinopteri, Neopterygii, Teleostei, Osteoglossocephalai, Clupeocephala, Euteleosteomorpha, Neoteleostei, Eurypterygia, Ctenosquamata, Acanthomorphata, Euacanthomorphacea, Percomorphaceae, Eupercaria, Perciformes, Notothenioidei, Bovichtidae, Cottoperca
UP000504631	Bombus vosnesenskii	207650	19375	C:99.3%[S:50.4%,D:48.9%],F:0.2%,M:0.6%,n:5991	Outlier (high value)	Eukaryota, Opisthokonta, Metazoa, Eumetazoa, Bilateria, Protostomia, Ecdysozoa, Panarthropoda, Arthropoda, Mandibulata, Pancrustacea, Hexapoda, Insecta, Dicondylia, Pterygota, Neoptera, Endopterygota, Hymenoptera, Apocrita, Aculeata, Apoidea, Apidae, Apinae, Bombini, Bombus, Pyrobombus
UP000504632	Chanos chanos (Milkfish) (Mugil chanos)	29144	28995	C:98.6%[S:82.2%,D:16.4%],F:0.2%,M:1.2%,n:3640	Standard	Eukaryota, Opisthokonta, Metazoa, Eumetazoa, Bilateria, Deuterostomia, Chordata, Craniata, Vertebrata, Gnathostomata, Teleostomi, Euteleostomi, Actinopterygii, Actinopteri, Neopterygii, Teleostei, Osteoglossocephalai, Clupeocephala, Otomorpha, Ostariophysi, Anotophysi, Gonorynchiformes, Chanoidei, Chanidae, Chanos
UP000504634	Drosophila lebanonensis (Fruit fly) (Scaptodrosophila lebanonensis)	7225	17832	C:99.7%[S:73.1%,D:26.6%],F:0.0%,M:0.3%,n:3285	Standard	Eukaryota, Opisthokonta, Metazoa, Eumetazoa, Bilateria, Protostomia, Ecdysozoa, Panarthropoda, Arthropoda, Mandibulata, Pancrustacea, Hexapoda, Insecta, Dicondylia, Pterygota, Neoptera, Endopterygota, Diptera, Brachycera, Muscomorpha, Eremoneura, Cyclorrhapha, Schizophora, Acalyptratae, Ephydroidea, Drosophilidae, Drosophilinae, Colocasiomyini, Scaptodrosophila, victoria group
UP000504635	Sitophilus oryzae (Rice weevil) (Curculio oryzae)	7048	20351	C:98.4%[S:68.1%,D:30.3%],F:0.2%,M:1.4%,n:2124	Outlier (high value)	Eukaryota, Opisthokonta, Metazoa, Eumetazoa, Bilateria, Protostomia, Ecdysozoa, Panarthropoda, Arthropoda, Mandibulata, Pancrustacea, Hexapoda, Insecta, Dicondylia, Pterygota, Neoptera, Endopterygota, Coleoptera, Polyphaga, Cucujiformia, Curculionoidea, Curculionidae, Dryophthorinae, Sitophilus
UP000504639	Aythya fuligula (Tufted duck) (Anas fuligula)	219594	24034	C:99.1%[S:66.4%,D:32.7%],F:0.1%,M:0.8%,n:8338	Standard	Eukaryota, Opisthokonta, Metazoa, Eumetazoa, Bilateria, Deuterostomia, Chordata, Craniata, Vertebrata, Gnathostomata, Teleostomi, Euteleostomi, Sarcopterygii, Dipnotetrapodomorpha, Tetrapoda, Amniota, Sauropsida, Sauria, Archelosauria, Archosauria, Dinosauria, Saurischia, Theropoda, Coelurosauria, Aves, Neognathae, Galloanserae, Anseriformes, Anatidae, Aythyinae, Aythya
UP000504640	Sapajus apella (Brown-capped capuchin) (Cebus apella)	9515	49367	C:98.2%[S:41.6%,D:56.6%],F:1.0%,M:0.8%,n:13780	Outlier (high value)	Eukaryota, Opisthokonta, Metazoa, Eumetazoa, Bilateria, Deuterostomia, Chordata, Craniata, Vertebrata, Gnathostomata, Teleostomi, Euteleostomi, Sarcopterygii, Dipnotetrapodomorpha, Tetrapoda, Amniota, Mammalia, Theria, Eutheria, Boreoeutheria, Euarchontoglires, Primates, Haplorrhini, Simiiformes, Platyrrhini, Cebidae, Cebinae, Sapajus
UP000515129	Carassius auratus (Goldfish)	7957	82978	C:99.3%[S:24.6%,D:74.7%],F:0.2%,M:0.5%,n:3640	Outlier (high value)	Eukaryota, Opisthokonta, Metazoa, Eumetazoa, Bilateria, Deuterostomia, Chordata, Craniata, Vertebrata, Gnathostomata, Teleostomi, Euteleostomi, Actinopterygii, Actinopteri, Neopterygii, Teleostei, Osteoglossocephalai, Clupeocephala, Otomorpha, Ostariophysi, Otophysi, Cypriniphysae, Cypriniformes, Cyprinoidei, Cyprinidae, Cyprininae, Carassius
UP000515135	Branchiostoma belcheri (Amphioxus)	7741	31614	C:98.6%[S:75.3%,D:23.4%],F:0.8%,M:0.5%,n:954	Unknown	Eukaryota, Opisthokonta, Metazoa, Eumetazoa, Bilateria, Deuterostomia, Chordata, Cephalochordata, Leptocardii, Amphioxiformes, Branchiostomidae, Branchiostoma
UP000515140	Phascolarctos cinereus (Koala)	38626	37681	C:98.1%[S:51.3%,D:46.8%],F:0.4%,M:1.4%,n:9226	Outlier (high value)	Eukaryota, Opisthokonta, Metazoa, Eumetazoa, Bilateria, Deuterostomia, Chordata, Craniata, Vertebrata, Gnathostomata, Teleostomi, Euteleostomi, Sarcopterygii, Dipnotetrapodomorpha, Tetrapoda, Amniota, Mammalia, Theria, Metatheria, Diprotodontia, Phascolarctidae, Phascolarctos
UP000515145	Parambassis ranga (Indian glassy fish)	210632	35559	C:99.6%[S:68.2%,D:31.4%],F:0.2%,M:0.3%,n:3640	Outlier (high value)	Eukaryota, Opisthokonta, Metazoa, Eumetazoa, Bilateria, Deuterostomia, Chordata, Craniata, Vertebrata, Gnathostomata, Teleostomi, Euteleostomi, Actinopterygii, Actinopteri, Neopterygii, Teleostei, Osteoglossocephalai, Clupeocephala, Euteleosteomorpha, Neoteleostei, Eurypterygia, Ctenosquamata, Acanthomorphata, Euacanthomorphacea, Percomorphaceae, Ovalentaria, Ovalentaria incertae sedis, Ambassidae, Parambassis
UP000515146	Dermatophagoides pteronyssinus (European house dust mite)	6956	12470	C:95.5%[S:84.4%,D:11.1%],F:0.2%,M:4.2%,n:2934	Unknown	Eukaryota, Opisthokonta, Metazoa, Eumetazoa, Bilateria, Protostomia, Ecdysozoa, Panarthropoda, Arthropoda, Chelicerata, Arachnida, Acari, Acariformes, Sarcoptiformes, Astigmata, Psoroptidia, Analgoidea, Pyroglyphidae, Dermatophagoidinae, Dermatophagoides
UP000515156	Microcaecilia unicolor	1415580	30305	C:96.9%[S:53.6%,D:43.2%],F:0.5%,M:2.6%,n:5310	Unknown	Eukaryota, Opisthokonta, Metazoa, Eumetazoa, Bilateria, Deuterostomia, Chordata, Craniata, Vertebrata, Gnathostomata, Teleostomi, Euteleostomi, Sarcopterygii, Dipnotetrapodomorpha, Tetrapoda, Amphibia, Gymnophiona, Siphonopidae, Microcaecilia
UP000515158	Thrips palmi (Melon thrips)	161013	20971	C:97.7%[S:65.1%,D:32.6%],F:0.1%,M:2.1%,n:1367	Outlier (high value)	Eukaryota, Opisthokonta, Metazoa, Eumetazoa, Bilateria, Protostomia, Ecdysozoa, Panarthropoda, Arthropoda, Mandibulata, Pancrustacea, Hexapoda, Insecta, Dicondylia, Pterygota, Neoptera, Paraneoptera, Thysanoptera, Terebrantia, Thripoidea, Thripidae, Thripinae, Thrips
UP000515159	Geotrypetes seraphini (Gaboon caecilian) (Caecilia seraphini)	260995	38690	C:96.7%[S:37.9%,D:58.8%],F:0.6%,M:2.7%,n:5310	Unknown	Eukaryota, Opisthokonta, Metazoa, Eumetazoa, Bilateria, Deuterostomia, Chordata, Craniata, Vertebrata, Gnathostomata, Teleostomi, Euteleostomi, Sarcopterygii, Dipnotetrapodomorpha, Tetrapoda, Amphibia, Gymnophiona, Dermophiidae, Geotrypetes
UP000515160	Drosophila albomicans (Fruit fly)	7291	19749	C:97.6%[S:69.0%,D:28.6%],F:0.0%,M:2.4%,n:3285	Outlier (high value)	Eukaryota, Opisthokonta, Metazoa, Eumetazoa, Bilateria, Protostomia, Ecdysozoa, Panarthropoda, Arthropoda, Mandibulata, Pancrustacea, Hexapoda, Insecta, Dicondylia, Pterygota, Neoptera, Endopterygota, Diptera, Brachycera, Muscomorpha, Eremoneura, Cyclorrhapha, Schizophora, Acalyptratae, Ephydroidea, Drosophilidae, Drosophilinae, Drosophilini, Drosophila, Drosophila, immigrans group, nasuta subgroup
UP000515161	Gymnodraco acuticeps (Antarctic dragonfish)	8218	39919	C:96.3%[S:64.8%,D:31.5%],F:0.6%,M:3.1%,n:3640	Outlier (high value)	Eukaryota, Opisthokonta, Metazoa, Eumetazoa, Bilateria, Deuterostomia, Chordata, Craniata, Vertebrata, Gnathostomata, Teleostomi, Euteleostomi, Actinopterygii, Actinopteri, Neopterygii, Teleostei, Osteoglossocephalai, Clupeocephala, Euteleosteomorpha, Neoteleostei, Eurypterygia, Ctenosquamata, Acanthomorphata, Euacanthomorphacea, Percomorphaceae, Eupercaria, Perciformes, Notothenioidei, Bathydraconidae, Gymnodraco
UP000515163	Actinia tenebrosa (Australian red waratah sea anemone)	6105	23830	C:97.3%[S:85.8%,D:11.4%],F:1.4%,M:1.4%,n:954	Unknown	Eukaryota, Opisthokonta, Metazoa, Eumetazoa, Cnidaria, Anthozoa, Hexacorallia, Actiniaria, Actiniidae, Actinia
UP000515200	Drosophila kikkawai (Fruit fly)	30033	19992	C:97.9%[S:72.5%,D:25.4%],F:0.0%,M:2.1%,n:3285	Outlier (high value)	Eukaryota, Opisthokonta, Metazoa, Eumetazoa, Bilateria, Protostomia, Ecdysozoa, Panarthropoda, Arthropoda, Mandibulata, Pancrustacea, Hexapoda, Insecta, Dicondylia, Pterygota, Neoptera, Endopterygota, Diptera, Brachycera, Muscomorpha, Eremoneura, Cyclorrhapha, Schizophora, Acalyptratae, Ephydroidea, Drosophilidae, Drosophilinae, Drosophilini, Drosophila, Sophophora, melanogaster group, montium subgroup
UP000515203	Octodon degus (Degu) (Sciurus degus)	10160	35453	C:97.5%[S:54.0%,D:43.5%],F:1.5%,M:1.0%,n:13798	Outlier (high value)	Eukaryota, Opisthokonta, Metazoa, Eumetazoa, Bilateria, Deuterostomia, Chordata, Craniata, Vertebrata, Gnathostomata, Teleostomi, Euteleostomi, Sarcopterygii, Dipnotetrapodomorpha, Tetrapoda, Amniota, Mammalia, Theria, Eutheria, Boreoeutheria, Euarchontoglires, Glires, Rodentia, Hystricomorpha, Octodontidae, Octodon
UP000515204	Dinoponera quadriceps (South American ant)	609295	17673	C:98.6%[S:52.1%,D:46.5%],F:0.8%,M:0.6%,n:5991	Outlier (high value)	Eukaryota, Opisthokonta, Metazoa, Eumetazoa, Bilateria, Protostomia, Ecdysozoa, Panarthropoda, Arthropoda, Mandibulata, Pancrustacea, Hexapoda, Insecta, Dicondylia, Pterygota, Neoptera, Endopterygota, Hymenoptera, Apocrita, Aculeata, Formicoidea, Formicidae, Ponerinae, Ponerini, Dinoponera
UP000515208	Bison bison bison	43346	29577	C:95.4%[S:64.4%,D:31.1%],F:2.5%,M:2.1%,n:13335	Outlier (high value)	Eukaryota, Opisthokonta, Metazoa, Eumetazoa, Bilateria, Deuterostomia, Chordata, Craniata, Vertebrata, Gnathostomata, Teleostomi, Euteleostomi, Sarcopterygii, Dipnotetrapodomorpha, Tetrapoda, Amniota, Mammalia, Theria, Eutheria, Boreoeutheria, Laurasiatheria, Artiodactyla, Ruminantia, Pecora, Bovidae, Bovinae, Bison, Bison bison
UP000527355	Myotis myotis (Greater mouse-eared bat)	51298	45799	C:95.2%[S:55.7%,D:39.6%],F:0.5%,M:4.3%,n:12234	Outlier (high value)	Eukaryota, Opisthokonta, Metazoa, Eumetazoa, Bilateria, Deuterostomia, Chordata, Craniata, Vertebrata, Gnathostomata, Teleostomi, Euteleostomi, Sarcopterygii, Dipnotetrapodomorpha, Tetrapoda, Amniota, Mammalia, Theria, Eutheria, Boreoeutheria, Laurasiatheria, Chiroptera, Microchiroptera, Vespertilionidae, Myotis
UP000550707	Molossus molossus (Pallas' mastiff bat) (Vespertilio molossus)	27622	53557	C:95.1%[S:48.6%,D:46.4%],F:0.6%,M:4.3%,n:12234	Outlier (high value)	Eukaryota, Opisthokonta, Metazoa, Eumetazoa, Bilateria, Deuterostomia, Chordata, Craniata, Vertebrata, Gnathostomata, Teleostomi, Euteleostomi, Sarcopterygii, Dipnotetrapodomorpha, Tetrapoda, Amniota, Mammalia, Theria, Eutheria, Boreoeutheria, Laurasiatheria, Chiroptera, Microchiroptera, Molossidae, Molossus
UP000593571	Rousettus aegyptiacus (Egyptian rousette) (Egyptian fruit bat)	9407	60832	C:95.8%[S:45.5%,D:50.3%],F:0.4%,M:3.7%,n:12234	Outlier (high value)	Eukaryota, Opisthokonta, Metazoa, Eumetazoa, Bilateria, Deuterostomia, Chordata, Craniata, Vertebrata, Gnathostomata, Teleostomi, Euteleostomi, Sarcopterygii, Dipnotetrapodomorpha, Tetrapoda, Amniota, Mammalia, Theria, Eutheria, Boreoeutheria, Laurasiatheria, Chiroptera, Megachiroptera, Pteropodidae, Pteropodinae, Rousettus
UP000594260	Varroa destructor (Honeybee mite)	109461	20096	C:99.2%[S:41.2%,D:58.0%],F:0.0%,M:0.7%,n:2934	Unknown	Eukaryota, Opisthokonta, Metazoa, Eumetazoa, Bilateria, Protostomia, Ecdysozoa, Panarthropoda, Arthropoda, Chelicerata, Arachnida, Acari, Parasitiformes, Mesostigmata, Monogynaspida, Gamasina, Dermanyssoidea, Varroidae, Varroa
UP000594454	Hermetia illucens (Black soldier fly)	343691	17495	C:95.8%[S:87.6%,D:8.2%],F:1.2%,M:3.0%,n:3285	Standard	Eukaryota, Opisthokonta, Metazoa, Eumetazoa, Bilateria, Protostomia, Ecdysozoa, Panarthropoda, Arthropoda, Mandibulata, Pancrustacea, Hexapoda, Insecta, Dicondylia, Pterygota, Neoptera, Endopterygota, Diptera, Brachycera, Stratiomyomorpha, Stratiomyidae, Hermetiinae, Hermetia
UP000645828	Nyctereutes procyonoides (Raccoon dog) (Canis procyonoides)	34880	26676	C:97.4%[S:94.1%,D:3.3%],F:0.6%,M:2.0%,n:14502	Standard	Eukaryota, Opisthokonta, Metazoa, Eumetazoa, Bilateria, Deuterostomia, Chordata, Craniata, Vertebrata, Gnathostomata, Teleostomi, Euteleostomi, Sarcopterygii, Dipnotetrapodomorpha, Tetrapoda, Amniota, Mammalia, Theria, Eutheria, Boreoeutheria, Laurasiatheria, Carnivora, Caniformia, Canidae, Nyctereutes
UP000663880	Pieris macdunnoughi	345717	18615	C:97.7%[S:86.5%,D:11.2%],F:0.5%,M:1.8%,n:5286	Outlier (high value)	Eukaryota, Opisthokonta, Metazoa, Eumetazoa, Bilateria, Protostomia, Ecdysozoa, Panarthropoda, Arthropoda, Mandibulata, Pancrustacea, Hexapoda, Insecta, Dicondylia, Pterygota, Neoptera, Endopterygota, Amphiesmenoptera, Lepidoptera, Glossata, Neolepidoptera, Heteroneura, Ditrysia, Obtectomera, Papilionoidea, Pieridae, Pierinae, Pierini, Pieris
UP000694399	Panthera leo (Lion)	9689	31097	C:95.6%[S:68.7%,D:26.9%],F:0.8%,M:3.6%,n:14502	Standard	Eukaryota, Opisthokonta, Metazoa, Eumetazoa, Bilateria, Deuterostomia, Chordata, Craniata, Vertebrata, Gnathostomata, Teleostomi, Euteleostomi, Sarcopterygii, Dipnotetrapodomorpha, Tetrapoda, Amniota, Mammalia, Theria, Eutheria, Boreoeutheria, Laurasiatheria, Carnivora, Feliformia, Felidae, Pantherinae, Panthera
UP000694412	Coturnix japonica (Japanese quail) (Coturnix coturnix japonica)	93934	27301	C:95.3%[S:63.1%,D:32.2%],F:1.7%,M:3.0%,n:8338	Outlier (high value)	Eukaryota, Opisthokonta, Metazoa, Eumetazoa, Bilateria, Deuterostomia, Chordata, Craniata, Vertebrata, Gnathostomata, Teleostomi, Euteleostomi, Sarcopterygii, Dipnotetrapodomorpha, Tetrapoda, Amniota, Sauropsida, Sauria, Archelosauria, Archosauria, Dinosauria, Saurischia, Theropoda, Coelurosauria, Aves, Neognathae, Galloanserae, Galliformes, Phasianidae, Perdicinae, Coturnix
UP000694426	Anser brachyrhynchus (Pink-footed goose)	132585	26558	C:95.0%[S:63.3%,D:31.7%],F:1.9%,M:3.0%,n:8338	Outlier (high value)	Eukaryota, Opisthokonta, Metazoa, Eumetazoa, Bilateria, Deuterostomia, Chordata, Craniata, Vertebrata, Gnathostomata, Teleostomi, Euteleostomi, Sarcopterygii, Dipnotetrapodomorpha, Tetrapoda, Amniota, Sauropsida, Sauria, Archelosauria, Archosauria, Dinosauria, Saurischia, Theropoda, Coelurosauria, Aves, Neognathae, Galloanserae, Anseriformes, Anatidae, Anserinae, Anser
UP000694521	Anser cygnoid (Swan goose)	8845	26657	C:95.0%[S:61.8%,D:33.2%],F:1.8%,M:3.2%,n:8338	Outlier (high value)	Eukaryota, Opisthokonta, Metazoa, Eumetazoa, Bilateria, Deuterostomia, Chordata, Craniata, Vertebrata, Gnathostomata, Teleostomi, Euteleostomi, Sarcopterygii, Dipnotetrapodomorpha, Tetrapoda, Amniota, Sauropsida, Sauria, Archelosauria, Archosauria, Dinosauria, Saurischia, Theropoda, Coelurosauria, Aves, Neognathae, Galloanserae, Anseriformes, Anatidae, Anserinae, Anser
UP000694540	Catagonus wagneri (Chacoan peccary)	51154	29374	C:95.5%[S:72.4%,D:23.1%],F:0.9%,M:3.6%,n:13335	Standard	Eukaryota, Opisthokonta, Metazoa, Eumetazoa, Bilateria, Deuterostomia, Chordata, Craniata, Vertebrata, Gnathostomata, Teleostomi, Euteleostomi, Sarcopterygii, Dipnotetrapodomorpha, Tetrapoda, Amniota, Mammalia, Theria, Eutheria, Boreoeutheria, Laurasiatheria, Artiodactyla, Suina, Tayassuidae, Catagonus
UP000694544	Moschus moschiferus (Siberian musk deer) (Moschus sibiricus)	68415	32988	C:96.8%[S:67.4%,D:29.4%],F:0.7%,M:2.5%,n:13335	Outlier (high value)	Eukaryota, Opisthokonta, Metazoa, Eumetazoa, Bilateria, Deuterostomia, Chordata, Craniata, Vertebrata, Gnathostomata, Teleostomi, Euteleostomi, Sarcopterygii, Dipnotetrapodomorpha, Tetrapoda, Amniota, Mammalia, Theria, Eutheria, Boreoeutheria, Laurasiatheria, Artiodactyla, Ruminantia, Pecora, Moschidae, Moschus
UP000694556	Cairina moschata domestica (Muscovy Duck (domestic type))	1240228	28556	C:95.4%[S:60.5%,D:34.9%],F:1.7%,M:2.9%,n:8338	Outlier (high value)	Eukaryota, Opisthokonta, Metazoa, Eumetazoa, Bilateria, Deuterostomia, Chordata, Craniata, Vertebrata, Gnathostomata, Teleostomi, Euteleostomi, Sarcopterygii, Dipnotetrapodomorpha, Tetrapoda, Amniota, Sauropsida, Sauria, Archelosauria, Archosauria, Dinosauria, Saurischia, Theropoda, Coelurosauria, Aves, Neognathae, Galloanserae, Anseriformes, Anatidae, Anatinae, Cairina, Cairina moschata
UP000694557	Oncorhynchus kisutch (Coho salmon) (Salmo kisutch)	8019	115435	C:98.0%[S:26.0%,D:72.0%],F:0.6%,M:1.4%,n:3640	Outlier (high value)	Eukaryota, Opisthokonta, Metazoa, Eumetazoa, Bilateria, Deuterostomia, Chordata, Craniata, Vertebrata, Gnathostomata, Teleostomi, Euteleostomi, Actinopterygii, Actinopteri, Neopterygii, Teleostei, Osteoglossocephalai, Clupeocephala, Euteleosteomorpha, Protacanthopterygii, Salmoniformes, Salmonidae, Salmoninae, Oncorhynchus
UP000694562	Falco tinnunculus (Common kestrel)	100819	25297	C:95.4%[S:65.1%,D:30.3%],F:1.4%,M:3.2%,n:8338	Outlier (high value)	Eukaryota, Opisthokonta, Metazoa, Eumetazoa, Bilateria, Deuterostomia, Chordata, Craniata, Vertebrata, Gnathostomata, Teleostomi, Euteleostomi, Sarcopterygii, Dipnotetrapodomorpha, Tetrapoda, Amniota, Sauropsida, Sauria, Archelosauria, Archosauria, Dinosauria, Saurischia, Theropoda, Coelurosauria, Aves, Neognathae, Falconiformes, Falconidae, Falco
UP000694564	Sciurus vulgaris (Eurasian red squirrel)	55149	33005	C:95.9%[S:70.7%,D:25.2%],F:1.0%,M:3.1%,n:13798	Outlier (high value)	Eukaryota, Opisthokonta, Metazoa, Eumetazoa, Bilateria, Deuterostomia, Chordata, Craniata, Vertebrata, Gnathostomata, Teleostomi, Euteleostomi, Sarcopterygii, Dipnotetrapodomorpha, Tetrapoda, Amniota, Mammalia, Theria, Eutheria, Boreoeutheria, Euarchontoglires, Glires, Rodentia, Sciuromorpha, Sciuridae, Sciurinae, Sciurini, Sciurus
UP000694568	Sander lucioperca (Pike-perch) (Perca lucioperca)	283035	61001	C:96.0%[S:50.7%,D:45.3%],F:1.5%,M:2.4%,n:3640	Outlier (high value)	Eukaryota, Opisthokonta, Metazoa, Eumetazoa, Bilateria, Deuterostomia, Chordata, Craniata, Vertebrata, Gnathostomata, Teleostomi, Euteleostomi, Actinopterygii, Actinopteri, Neopterygii, Teleostei, Osteoglossocephalai, Clupeocephala, Euteleosteomorpha, Neoteleostei, Eurypterygia, Ctenosquamata, Acanthomorphata, Euacanthomorphacea, Percomorphaceae, Eupercaria, Perciformes, Percoidei, Percidae, Luciopercinae, Sander
UP000694841	Apteryx mantelli mantelli	202946	20883	C:96.2%[S:72.9%,D:23.4%],F:2.0%,M:1.8%,n:8338	Outlier (high value)	Eukaryota, Opisthokonta, Metazoa, Eumetazoa, Bilateria, Deuterostomia, Chordata, Craniata, Vertebrata, Gnathostomata, Teleostomi, Euteleostomi, Sarcopterygii, Dipnotetrapodomorpha, Tetrapoda, Amniota, Sauropsida, Sauria, Archelosauria, Archosauria, Dinosauria, Saurischia, Theropoda, Coelurosauria, Aves, Palaeognathae, Apterygiformes, Apterygidae, Apteryx, Apteryx mantelli
UP000694843	Hyalella azteca (Amphipod)	294128	21650	C:95.4%[S:77.6%,D:17.8%],F:2.0%,M:2.7%,n:1013	Outlier (high value)	Eukaryota, Opisthokonta, Metazoa, Eumetazoa, Bilateria, Protostomia, Ecdysozoa, Panarthropoda, Arthropoda, Mandibulata, Pancrustacea, Crustacea, Multicrustacea, Malacostraca, Eumalacostraca, Peracarida, Amphipoda, Senticaudata, Talitrida, Talitroidea, Hyalellidae, Hyalella
UP000694844	Crassostrea virginica (Eastern oyster)	6565	50254	C:98.2%[S:53.5%,D:44.7%],F:0.3%,M:1.5%,n:5295	Unknown	Eukaryota, Opisthokonta, Metazoa, Eumetazoa, Bilateria, Protostomia, Spiralia, Lophotrochozoa, Mollusca, Bivalvia, Autobranchia, Pteriomorphia, Ostreida, Ostreoidea, Ostreidae, Crassostrea
UP000694845	Acanthaster planci (Crown-of-thorns starfish)	133434	25685	C:98.7%[S:62.6%,D:36.2%],F:0.5%,M:0.7%,n:954	Unknown	Eukaryota, Opisthokonta, Metazoa, Eumetazoa, Bilateria, Deuterostomia, Echinodermata, Eleutherozoa, Asterozoa, Asteroidea, Valvatacea, Valvatida, Acanthasteridae, Acanthaster
UP000694846	Sipha flava (yellow sugarcane aphid)	143950	18157	C:97.1%[S:63.5%,D:33.6%],F:0.2%,M:2.7%,n:2510	Outlier (high value)	Eukaryota, Opisthokonta, Metazoa, Eumetazoa, Bilateria, Protostomia, Ecdysozoa, Panarthropoda, Arthropoda, Mandibulata, Pancrustacea, Hexapoda, Insecta, Dicondylia, Pterygota, Neoptera, Paraneoptera, Hemiptera, Sternorrhyncha, Aphidomorpha, Aphidoidea, Aphididae, Chaitophorinae, Sipha
UP000694848	Vanessa tameamea	334116	17015	C:99.3%[S:72.8%,D:26.5%],F:0.2%,M:0.5%,n:5286	Outlier (high value)	Eukaryota, Opisthokonta, Metazoa, Eumetazoa, Bilateria, Protostomia, Ecdysozoa, Panarthropoda, Arthropoda, Mandibulata, Pancrustacea, Hexapoda, Insecta, Dicondylia, Pterygota, Neoptera, Endopterygota, Amphiesmenoptera, Lepidoptera, Glossata, Neolepidoptera, Heteroneura, Ditrysia, Obtectomera, Papilionoidea, Nymphalidae, Nymphalinae, Nymphalini, Vanessa
UP000007266	Tribolium castaneum (Red flour beetle)	7070	18505	C:98.0%[S:90.1%,D:7.9%],F:0.9%,M:1.1%,n:2124	Outlier (high value)	Eukaryota, Opisthokonta, Metazoa, Eumetazoa, Bilateria, Protostomia, Ecdysozoa, Panarthropoda, Arthropoda, Mandibulata, Pancrustacea, Hexapoda, Insecta, Dicondylia, Pterygota, Neoptera, Endopterygota, Coleoptera, Polyphaga, Cucujiformia, Tenebrionoidea, Tenebrionidae, Tenebrionidae incertae sedis, Tribolium
UP000008549	Caenorhabditis briggsae	6238	21068	C:98.1%[S:97.1%,D:0.9%],F:0.9%,M:1.0%,n:3131	Outlier (high value)	Eukaryota, Opisthokonta, Metazoa, Eumetazoa, Bilateria, Protostomia, Ecdysozoa, Nematoda, Chromadorea, Rhabditida, Rhabditina, Rhabditomorpha, Rhabditoidea, Rhabditidae, Peloderinae, Caenorhabditis
UP000230233	Caenorhabditis nigoni	1611254	44209	C:97.2%[S:66.3%,D:30.9%],F:1.4%,M:1.5%,n:3131	Outlier (high value)	Eukaryota, Opisthokonta, Metazoa, Eumetazoa, Bilateria, Protostomia, Ecdysozoa, Nematoda, Chromadorea, Rhabditida, Rhabditina, Rhabditomorpha, Rhabditoidea, Rhabditidae, Peloderinae, Caenorhabditis
UP000478052	Aphis craccivora (Cowpea aphid)	307492	31792	C:97.5%[S:95.8%,D:1.6%],F:0.9%,M:1.7%,n:2510	Outlier (high value)	Eukaryota, Opisthokonta, Metazoa, Eumetazoa, Bilateria, Protostomia, Ecdysozoa, Panarthropoda, Arthropoda, Mandibulata, Pancrustacea, Hexapoda, Insecta, Dicondylia, Pterygota, Neoptera, Paraneoptera, Hemiptera, Sternorrhyncha, Aphidomorpha, Aphidoidea, Aphididae, Aphidinae, Aphidini, Aphis, Aphis
UP000504602	Geospiza fortis (Medium ground-finch)	48883	19334	C:97.2%[S:77.8%,D:19.4%],F:1.4%,M:1.4%,n:10844	Outlier (low value)	Eukaryota, Opisthokonta, Metazoa, Eumetazoa, Bilateria, Deuterostomia, Chordata, Craniata, Vertebrata, Gnathostomata, Teleostomi, Euteleostomi, Sarcopterygii, Dipnotetrapodomorpha, Tetrapoda, Amniota, Sauropsida, Sauria, Archelosauria, Archosauria, Dinosauria, Saurischia, Theropoda, Coelurosauria, Aves, Neognathae, Passeriformes, Thraupidae, Geospiza
